{"cameraMode":{"drawMode":0,"name":"Shaded","section":"Shading Mode"},"sceneLighting":true,"audioPlay":false,"sceneViewState":{"showFog":true,"showMaterialUpdate":false,"showSkybox":true,"showFlares":true,"showImageEffects":true,"showParticleSystems":true},"in2DMode":false,"pivot":{"x":0.23000001907348634,"y":1.9335644245147706,"z":0.0},"rotation":{"x":0.012884031981229782,"y":0.04647938907146454,"z":-0.0006019120919518173,"w":0.9988426566123962},"size":2.980440855026245,"orthographic":true}